1234567890,Test Product 1,15,349.99,Test Category 1
4528691294,Test Product 2,10,240.99,Test Category 2
6295401932,Test Product 3,23,71.99,Test Category 3
5482060143,Test Product 4,17,149.99,Test Category 4
7632918315,Test Product 5,6,24.99,Test Category 5
2465910259,Test Product 6,18,109.99,Test Category 6
8923569123,Test Product 7,10,240.99,Test Category 7
9051367421,Test Product 8,14,64.99,Test Category 8
3514659173,Test Product 9,8,144.99,Test Category 9
1568392179,Test Product 10,19,19.99,Test Category 10
